Categoria;Nome/Entidade;Twitter/X;LinkedIn;Website/Blog;GitHub/Code;Substack/Newsletter;Hacker News Profile;GitHub Activity/Discussions;Podcasts/YouTube
Pesquisa/Acadêmico;arXiv (cs.AI/CL/LG/CV/RO/CR);;;https://arxiv.org;https://github.com/arxiv;;;https://github.com/arxiv;
Pesquisa/Acadêmico;Papers with Code;;;https://paperswithcode.com;;;;https://github.com/paperswithcode;
Pesquisa/Acadêmico;Connected Papers;;;https://www.connectedpapers.com/;;;;;
Pesquisa/Acadêmico;Semantic Scholar;;;https://www.semanticscholar.org/;;;;;
Pesquisa/Acadêmico;OpenReview;;;https://openreview.net/;;;;;
Pesquisa/Acadêmico;ACL Anthology;;;https://aclanthology.org/;;;;;
Pesquisa/Acadêmico;Distill.pub;;;https://distill.pub/;;;;;
Infraestrutura/Open Source;GitHub Trending (AI/ML);;;https://github.com/trending/ai;;;;;
Infraestrutura/Open Source;Hugging Face (Models/Datasets/Spaces);;;https://huggingface.co;;;;https://github.com/huggingface;https://www.youtube.com/@HuggingFace
Infraestrutura/Open Source;Awesome Lists (AI/LLM/Agents);;;https://github.com/topics/awesome;;;;;
Infraestrutura/Open Source;LangChain/LangGraph Blog;;;https://blog.langchain.dev/;;;;;
Infraestrutura/Open Source;CrewAI Documentation;;;https://docs.crewai.com/;;;;;
Infraestrutura/Open Source;Ollama Library;;;https://ollama.com/library;;;;;
Infraestrutura/Open Source;llama.cpp (GitHub);;;;;;;https://github.com/ggerganov/llama.cpp;
Infraestrutura/Open Source;AutoGPT;;;;;;;https://github.com/Significant-Gravitas/AutoGPT;
Infraestrutura/Open Source;BabyAGI;;;;;;;https://github.com/yoheinakajima/babyagi;
Líderes/Cientistas;Andrej Karpathy;https://x.com/karpathy;https://linkedin.com/in/karpathy;https://karpathy.ai;https://github.com/karpathy;https://karpathy.substack.com;;https://github.com/karpathy;https://www.youtube.com/@AndrejKarpathy
Líderes/Cientistas;Yann LeCun;https://x.com/ylecun;https://linkedin.com/in/yann-lecun;https://lecun.com;https://github.com/facebookresearch;https://lecun.substack.com;;https://github.com/facebookresearch;https://www.youtube.com/@yannlecun
Líderes/Cientistas;Demis Hassabis;https://x.com/demishassabis;https://linkedin.com/in/demishassabis;https://deepmind.google/;;;;;
Líderes/Cientistas;Ilya Sutskever;https://x.com/ilyasut;https://linkedin.com/in/ilyasutskever;;;;;;
Líderes/Cientistas;Fei-Fei Li;https://x.com/drfeifei;https://linkedin.com/in/drfeifeili;https://hai.stanford.edu/people/fei-fei-li;;;;;
Líderes/Cientistas;Yoshua Bengio;https://x.com/YoshuaBengio;;https://yoshuabengio.org/;;;;;
Líderes/Cientistas;Geoffrey Hinton;https://x.com/geoffreyhinton;;https://www.cs.toronto.edu/~hinton/;;;;;
Líderes/Cientistas;François Chollet;https://x.com/fchollet;;https://blog.keras.io/;https://github.com/fchollet;https://fchollet.substack.com;;https://github.com/fchollet;https://www.youtube.com/@fchollet
Líderes/Cientistas;Thomas Wolf;https://x.com/Thom_Wolf;;;https://github.com/thomwolf;;;https://github.com/thomwolf;
Líderes/Cientistas;Soumith Chintala;https://x.com/soumithchintala;;;;;;https://github.com/soumith;
Líderes/Cientistas;Daphne Koller;https://x.com/DaphneKoller;https://www.linkedin.com/in/daphne-koller-4161a417;;;;;;
Líderes/Cientistas;Sergey Levine;;;https://people.eecs.berkeley.edu/~svlevine/;;;;https://github.com/sergeylevine;
Líderes/Cientistas;Chelsea Finn;https://x.com/chelseabfinn;;https://ai.stanford.edu/~cfinn/;;;;;
Líderes/Cientistas;Pieter Abbeel;https://x.com/pabbeel;;https://people.eecs.berkeley.edu/~pabbeel/;;;;;
Líderes/Cientistas;Jack Clark;https://x.com/jackclarkSF;;;;https://importai.substack.com/;;;
CEOs/Executivos;Sam Altman;https://x.com/sama;https://linkedin.com/in/samaltman;https://blog.samaltman.com/;;;;;
CEOs/Executivos;Dario Amodei;https://x.com/darioamodei;;https://www.anthropic.com/news;;;;;
CEOs/Executivos;Jensen Huang;https://x.com/NVIDIA;https://linkedin.com/company/nvidia;https://www.nvidia.com/en-us/about/leadership/;;;;;
CEOs/Executivos;Satya Nadella;https://x.com/satyanadella;https://linkedin.com/in/satyanadella;;;;;;
CEOs/Executivos;Sundar Pichai;https://x.com/sundarpichai;https://linkedin.com/in/sundarpichai;;;;;;
CEOs/Executivos;Emmett Shear;https://x.com/eshear;https://www.linkedin.com/in/emmettshear;;;;;;
CEOs/Executivos;Greg Brockman;https://x.com/gdb;https://www.linkedin.com/in/gdbrockman;;;;;;
CEOs/Executivos;Mira Murati;https://x.com/miramurati;https://www.linkedin.com/in/miramurati;;;;;;
CEOs/Executivos;Clement Delangue;https://x.com/ClementDelangue;https://www.linkedin.com/in/clementdelangue;;;;;;
CEOs/Executivos;Alexander Wang;https://x.com/alexandr_wang;https://www.linkedin.com/in/alexandr-wang;;;;;;
Portais/Agregadores;TechCrunch (AI);;;https://techcrunch.com/category/artificial-intelligence;;;;;
Portais/Agregadores;The Verge (AI);;;https://theverge.com/ai-artificial-intelligence;;;;;
Portais/Agregadores;Ars Technica (IT);;;https://arstechnica.com/information-technology/;;;;;
Portais/Agregadores;VentureBeat (AI);;;https://venturebeat.com/category/ai/;;;;;
Portais/Agregadores;MIT Tech Review (AI);;;https://www.technologyreview.com/topic/artificial-intelligence/;;;;;
Portais/Agregadores;The Batch (DeepLearning.AI);;;https://www.deeplearning.ai/the-batch/;;;;;
Portais/Agregadores;TLDR AI;;;https://tldr.tech/ai;;;;;
Portais/Agregadores;The Rundown AI;;;https://therundown.ai/;;;;;
Portais/Agregadores;Ben's Bites;;;https://bensbites.co/;;;;;
Portais/Agregadores;AI Breakfast;;;https://aibreakfast.beehiiv.com/;;;;;
Portais/Agregadores;Import AI;;;https://importai.substack.com/;;;;;
Comunidades;Reddit r/MachineLearning;;;https://www.reddit.com/r/MachineLearning/;;;;;
Comunidades;Reddit r/LocalLLaMA;;;https://www.reddit.com/r/LocalLLaMA/;;;;;
Comunidades;Reddit r/ArtificialIntelligence;;;https://www.reddit.com/r/ArtificialIntelligence/;;;;;
Comunidades;Reddit r/Singularity;;;https://www.reddit.com/r/Singularity/;;;;;
Comunidades;Reddit r/OpenAI;;;https://www.reddit.com/r/OpenAI/;;;;;
Comunidades;Reddit r/LLMops;;;https://www.reddit.com/r/LLMops/;;;;;
Comunidades;Hacker News (Algolia Search);;;https://hn.algolia.com/;;;;;
Eventos/Notícias Corporativas;Microsoft News Center;;;https://news.microsoft.com/;;;;;
Eventos/Notícias Corporativas;NVIDIA Blog;;;https://blogs.nvidia.com/;;;;;
Eventos/Notícias Corporativas;Apple Developer News;;;https://developer.apple.com/news/;;;;;
Eventos/Notícias Corporativas;Google AI Blog;;;https://blog.google/technology/ai/;;;;;
Crítica Técnica/Mercado;Melanie Mitchell;https://x.com/MelMitchell1;;https://melaniemitchell.me/blog/;;;;;
Crítica Técnica/Mercado;François Chollet;https://x.com/fchollet;;https://blog.keras.io/;;;;;
Crítica Técnica/Mercado;Yann LeCun;https://x.com/ylecun;;https://lecun.com/;;;;;
Crítica Técnica/Mercado;Ed Zitron (Where's Your Ed At);https://x.com/edzitron;;https://www.wheresyouredat.com/;;;;;
Crítica Técnica/Mercado;Jack Clark (Import AI);https://x.com/jackclarkSF;;https://importai.substack.com/;;;;;
